archivo_fasta,metodo,threads,schedule,longitud_A,longitud_B,match,mismatch,gap,num_repeticiones,tiempo_init_ms,tiempo_llenado_ms,tiempo_traceback_ms,tiempo_total_ms,puntuacion
datos/dna_128.fasta,antidiagonal,2,"dynamic,1",128,128,2,-1,-2,10,0.026269999999999998,1.35086,0.02583,1.40296,220.0
datos/dna_128.fasta,antidiagonal,2,"guided,1",128,128,2,-1,-2,10,0.02218,0.65601,0.01434,0.69253,220.0
datos/dna_128.fasta,antidiagonal,2,static,128,128,2,-1,-2,10,0.02404,0.57514,0.01711,0.61629,220.0
datos/dna_128.fasta,antidiagonal,2,"static,1",128,128,2,-1,-2,10,0.02324,1.0168599999999999,0.02606,1.06616,220.0
datos/dna_128.fasta,antidiagonal,4,"dynamic,1",128,128,2,-1,-2,10,0.03139,1.32914,0.03202,1.39255,220.0
datos/dna_128.fasta,antidiagonal,4,"guided,1",128,128,2,-1,-2,10,0.033850000000000005,1.0904500000000001,0.02914,1.15344,220.0
datos/dna_128.fasta,antidiagonal,4,static,128,128,2,-1,-2,10,0.02316,0.82574,0.023200000000000002,0.8721099999999999,220.0
datos/dna_128.fasta,antidiagonal,4,"static,1",128,128,2,-1,-2,10,0.02894,1.0688499999999999,0.03002,1.12781,220.0
datos/dna_128.fasta,antidiagonal,6,"dynamic,1",128,128,2,-1,-2,10,0.027710000000000002,1.63768,0.03813,1.70352,220.0
datos/dna_128.fasta,antidiagonal,6,"guided,1",128,128,2,-1,-2,10,0.01962,1.44652,0.038680000000000006,1.50482,220.0
datos/dna_128.fasta,antidiagonal,6,static,128,128,2,-1,-2,10,0.02297,1.76537,0.02853,1.8168699999999998,220.0
datos/dna_128.fasta,antidiagonal,6,"static,1",128,128,2,-1,-2,10,0.031219999999999998,1.13708,0.030449999999999998,1.19875,220.0
datos/dna_128.fasta,antidiagonal,8,"dynamic,1",128,128,2,-1,-2,10,0.02251,2.00994,0.03286,2.06531,220.0
datos/dna_128.fasta,antidiagonal,8,"guided,1",128,128,2,-1,-2,10,0.02692,4.6601799999999995,0.04098,4.72809,220.0
datos/dna_128.fasta,antidiagonal,8,static,128,128,2,-1,-2,10,0.023399999999999997,1.49451,0.04169,1.5596,220.0
datos/dna_128.fasta,antidiagonal,8,"static,1",128,128,2,-1,-2,10,0.02417,48.54092,0.044579999999999995,48.60967000000001,220.0
datos/dna_128.fasta,bloques,2,"dynamic,1",128,128,2,-1,-2,10,0.02334,0.23018999999999998,0.018770000000000002,0.2723,220.0
datos/dna_128.fasta,bloques,2,"guided,1",128,128,2,-1,-2,10,0.02021,0.25558000000000003,0.0176,0.29339,220.0
datos/dna_128.fasta,bloques,2,static,128,128,2,-1,-2,10,0.0185,0.26612,0.01333,0.29794,220.0
datos/dna_128.fasta,bloques,2,"static,1",128,128,2,-1,-2,10,0.02089,0.21303,0.01358,0.24752000000000002,220.0
datos/dna_128.fasta,bloques,4,"dynamic,1",128,128,2,-1,-2,10,0.01797,0.3225,0.025379999999999996,0.36585,220.0
datos/dna_128.fasta,bloques,4,"guided,1",128,128,2,-1,-2,10,0.02127,0.33442,0.01867,0.37435999999999997,220.0
datos/dna_128.fasta,bloques,4,static,128,128,2,-1,-2,10,0.02145,0.31074999999999997,0.015870000000000002,0.34806,220.0
datos/dna_128.fasta,bloques,4,"static,1",128,128,2,-1,-2,10,0.015159999999999998,0.31465,0.01704,0.34685,220.0
datos/dna_128.fasta,bloques,6,"dynamic,1",128,128,2,-1,-2,10,0.025630000000000003,0.47267000000000003,0.02058,0.51888,220.0
datos/dna_128.fasta,bloques,6,"guided,1",128,128,2,-1,-2,10,0.021920000000000002,0.44096,0.02533,0.48821000000000003,220.0
datos/dna_128.fasta,bloques,6,static,128,128,2,-1,-2,10,0.02474,0.5566,0.02062,0.60196,220.0
datos/dna_128.fasta,bloques,6,"static,1",128,128,2,-1,-2,10,0.025240000000000002,0.41981,0.02436,0.46941000000000005,220.0
datos/dna_128.fasta,bloques,8,"dynamic,1",128,128,2,-1,-2,10,0.02948,3.80481,0.04076,3.8750500000000003,220.0
datos/dna_128.fasta,bloques,8,"guided,1",128,128,2,-1,-2,10,0.030320000000000003,2.22304,0.03153,2.28489,220.0
datos/dna_128.fasta,bloques,8,static,128,128,2,-1,-2,10,0.0195,1.11828,0.02682,1.16464,220.0
datos/dna_128.fasta,bloques,8,"static,1",128,128,2,-1,-2,10,0.01737,0.76081,0.042159999999999996,0.8203400000000001,220.0
datos/dna_128.fasta,secuencial,1,N/A,128,128,2,-1,-2,1,0.0538,0.1258,0.0302,0.2098,220.0
datos/dna_16k.fasta,antidiagonal,2,"dynamic,1",16389,16389,2,-1,-2,3,8838.1487,13571.4498,7.7383,22417.336833333335,27869.0
datos/dna_16k.fasta,antidiagonal,2,"guided,1",16389,16389,2,-1,-2,3,160.34186666666668,5606.7847,7.435366666666667,5774.561900000001,27869.0
datos/dna_16k.fasta,antidiagonal,2,static,16389,16389,2,-1,-2,3,190.4283,3954.842233333333,7.400933333333334,4152.671466666667,27869.0
datos/dna_16k.fasta,antidiagonal,2,"static,1",16389,16389,2,-1,-2,3,158.10193333333333,8362.416133333334,7.082366666666666,8527.600433333333,27869.0
datos/dna_16k.fasta,antidiagonal,4,"dynamic,1",16389,16389,2,-1,-2,3,175.12120000000002,9163.1722,8.5794,9346.8727,27869.0
datos/dna_16k.fasta,antidiagonal,4,"guided,1",16389,16389,2,-1,-2,3,177.8296,3908.9554000000003,8.388266666666667,4095.1732666666667,27869.0
datos/dna_16k.fasta,antidiagonal,4,static,16389,16389,2,-1,-2,3,8843.752066666666,-5391.649899999999,7.339166666666666,3459.4413666666665,27869.0
datos/dna_16k.fasta,antidiagonal,4,"static,1",16389,16389,2,-1,-2,3,163.4265333333333,6526.333600000001,7.634133333333334,6697.394266666667,27869.0
datos/dna_16k.fasta,antidiagonal,6,"dynamic,1",16389,16389,2,-1,-2,3,171.20416666666665,7503.2984,8.3674,7682.8699333333325,27869.0
datos/dna_16k.fasta,antidiagonal,6,"guided,1",16389,16389,2,-1,-2,3,176.13756666666666,2385.433433333333,7.637833333333333,2569.2088666666664,27869.0
datos/dna_16k.fasta,antidiagonal,6,static,16389,16389,2,-1,-2,3,174.12276666666665,2426.9884,8.1261,2609.2372,27869.0
datos/dna_16k.fasta,antidiagonal,6,"static,1",16389,16389,2,-1,-2,3,171.538,4885.1634,7.9913,5064.692733333333,27869.0
datos/dna_16k.fasta,antidiagonal,8,"dynamic,1",16389,16389,2,-1,-2,3,177.76846666666665,47921.4302,11.628966666666665,48110.827633333334,27869.0
datos/dna_16k.fasta,antidiagonal,8,"guided,1",16389,16389,2,-1,-2,3,170.69673333333333,5157.944866666667,8.670066666666665,5337.3116666666665,27869.0
datos/dna_16k.fasta,antidiagonal,8,static,16389,16389,2,-1,-2,3,173.81533333333334,4289.891666666666,8.100966666666666,4471.807966666666,27869.0
datos/dna_16k.fasta,antidiagonal,8,"static,1",16389,16389,2,-1,-2,3,163.26616666666666,33760.41106666666,8.567366666666667,33932.2446,27869.0
datos/dna_16k.fasta,bloques,2,"dynamic,1",16389,16389,2,-1,-2,3,179.57476666666665,1033.8789,7.746099999999999,1221.1997666666666,27869.0
datos/dna_16k.fasta,bloques,2,"guided,1",16389,16389,2,-1,-2,3,157.02036666666666,936.9076333333334,7.582066666666667,1101.5100333333332,27869.0
datos/dna_16k.fasta,bloques,2,static,16389,16389,2,-1,-2,3,177.76059999999998,974.0906,8.183033333333332,1160.0342333333335,27869.0
datos/dna_16k.fasta,bloques,2,"static,1",16389,16389,2,-1,-2,3,158.2096,-7579.556733333334,7.144033333333333,-7414.203066666666,27869.0
datos/dna_16k.fasta,bloques,4,"dynamic,1",16389,16389,2,-1,-2,3,172.88430000000002,630.8952333333333,8.398299999999999,812.1778333333333,27869.0
datos/dna_16k.fasta,bloques,4,"guided,1",16389,16389,2,-1,-2,3,159.26623333333336,590.2581333333334,7.608266666666666,757.1326333333333,27869.0
datos/dna_16k.fasta,bloques,4,static,16389,16389,2,-1,-2,3,183.4403,798.3005333333334,8.340833333333334,990.0816666666666,27869.0
datos/dna_16k.fasta,bloques,4,"static,1",16389,16389,2,-1,-2,3,178.7794,734.2240333333333,8.171466666666666,921.1749,27869.0
datos/dna_16k.fasta,bloques,6,"dynamic,1",16389,16389,2,-1,-2,3,173.52516666666668,568.8740666666666,8.833566666666668,751.2328000000001,27869.0
datos/dna_16k.fasta,bloques,6,"guided,1",16389,16389,2,-1,-2,3,164.38160000000002,523.9945333333334,8.184866666666666,696.5610333333334,27869.0
datos/dna_16k.fasta,bloques,6,static,16389,16389,2,-1,-2,3,175.98163333333332,672.0616666666666,9.0659,857.1092,27869.0
datos/dna_16k.fasta,bloques,6,"static,1",16389,16389,2,-1,-2,3,186.17213333333333,671.5692,9.106633333333333,866.8479666666667,27869.0
datos/dna_16k.fasta,bloques,8,"dynamic,1",16389,16389,2,-1,-2,3,157.0103333333333,558.4448333333333,8.115866666666667,723.5711,27869.0
datos/dna_16k.fasta,bloques,8,"guided,1",16389,16389,2,-1,-2,3,173.96576666666667,1088.2085333333332,8.117066666666666,1270.2913666666666,27869.0
datos/dna_16k.fasta,bloques,8,static,16389,16389,2,-1,-2,3,174.27746666666667,799.2620999999999,9.1062,982.6457666666666,27869.0
datos/dna_16k.fasta,bloques,8,"static,1",16389,16389,2,-1,-2,3,176.11339999999998,645.1139,9.586633333333333,830.8139333333334,27869.0
datos/dna_16k.fasta,secuencial,1,N/A,16389,16389,2,-1,-2,1,732.203,1358.0146,6.911,2097.1286,27869.0
datos/dna_1k.fasta,antidiagonal,2,"dynamic,1",1025,1025,2,-1,-2,5,0.6097,30.680259999999997,0.15916000000000002,31.44914,1745.0
datos/dna_1k.fasta,antidiagonal,2,"guided,1",1025,1025,2,-1,-2,5,0.62212,11.58324,0.14744,12.3528,1745.0
datos/dna_1k.fasta,antidiagonal,2,static,1025,1025,2,-1,-2,5,0.7853600000000001,7.032760000000001,0.14894000000000002,7.967059999999999,1745.0
datos/dna_1k.fasta,antidiagonal,2,"static,1",1025,1025,2,-1,-2,5,0.65432,22.09314,0.16018000000000002,22.9077,1745.0
datos/dna_1k.fasta,antidiagonal,4,"dynamic,1",1025,1025,2,-1,-2,5,0.6149,24.33974,0.13012,25.08474,1745.0
datos/dna_1k.fasta,antidiagonal,4,"guided,1",1025,1025,2,-1,-2,5,0.5992200000000001,10.69312,0.2688,11.56114,1745.0
datos/dna_1k.fasta,antidiagonal,4,static,1025,1025,2,-1,-2,5,0.81082,6.3010600000000005,0.2017,7.313540000000001,1745.0
datos/dna_1k.fasta,antidiagonal,4,"static,1",1025,1025,2,-1,-2,5,0.7038800000000001,14.199160000000001,0.17668,15.079760000000002,1745.0
datos/dna_1k.fasta,antidiagonal,6,"dynamic,1",1025,1025,2,-1,-2,5,0.5895400000000001,22.17904,0.18022,22.9488,1745.0
datos/dna_1k.fasta,antidiagonal,6,"guided,1",1025,1025,2,-1,-2,5,0.6739200000000001,12.9927,0.22726000000000002,13.893880000000001,1745.0
datos/dna_1k.fasta,antidiagonal,6,static,1025,1025,2,-1,-2,5,0.72314,4.94068,0.16877999999999999,5.83256,1745.0
datos/dna_1k.fasta,antidiagonal,6,"static,1",1025,1025,2,-1,-2,5,0.69614,12.30156,0.16312,13.1608,1745.0
datos/dna_1k.fasta,antidiagonal,8,"dynamic,1",1025,1025,2,-1,-2,5,0.5752200000000001,24.03982,0.19952,24.81456,1745.0
datos/dna_1k.fasta,antidiagonal,8,"guided,1",1025,1025,2,-1,-2,5,0.77744,14.931459999999998,0.192,15.900900000000002,1745.0
datos/dna_1k.fasta,antidiagonal,8,static,1025,1025,2,-1,-2,5,0.58162,343.90554,0.16492,344.65207999999996,1745.0
datos/dna_1k.fasta,antidiagonal,8,"static,1",1025,1025,2,-1,-2,5,0.60518,44.289100000000005,0.176,45.070280000000004,1745.0
datos/dna_1k.fasta,bloques,2,"dynamic,1",1025,1025,2,-1,-2,5,0.60966,3.6494999999999997,0.10062,4.35978,1745.0
datos/dna_1k.fasta,bloques,2,"guided,1",1025,1025,2,-1,-2,5,0.6837,4.558719999999999,0.15538,5.3978,1745.0
datos/dna_1k.fasta,bloques,2,static,1025,1025,2,-1,-2,5,0.7285999999999999,3.82186,0.11506000000000001,4.66552,1745.0
datos/dna_1k.fasta,bloques,2,"static,1",1025,1025,2,-1,-2,5,0.72016,3.99036,0.12354000000000001,4.83406,1745.0
datos/dna_1k.fasta,bloques,4,"dynamic,1",1025,1025,2,-1,-2,5,0.66184,3.2063,0.15216000000000002,4.020300000000001,1745.0
datos/dna_1k.fasta,bloques,4,"guided,1",1025,1025,2,-1,-2,5,0.70204,4.3243,0.17844,5.2047799999999995,1745.0
datos/dna_1k.fasta,bloques,4,static,1025,1025,2,-1,-2,5,0.6239800000000001,2.7998000000000003,0.1166,3.54038,1745.0
datos/dna_1k.fasta,bloques,4,"static,1",1025,1025,2,-1,-2,5,0.7073,2.92878,0.11166000000000001,3.7477400000000003,1745.0
datos/dna_1k.fasta,bloques,6,"dynamic,1",1025,1025,2,-1,-2,5,0.65206,2.5863199999999997,0.14866,3.3870400000000003,1745.0
datos/dna_1k.fasta,bloques,6,"guided,1",1025,1025,2,-1,-2,5,0.66282,3.1091,0.1767,3.9486199999999996,1745.0
datos/dna_1k.fasta,bloques,6,static,1025,1025,2,-1,-2,5,0.6097,2.97634,0.14162,3.72766,1745.0
datos/dna_1k.fasta,bloques,6,"static,1",1025,1025,2,-1,-2,5,0.7114199999999999,2.81626,0.14855999999999997,3.67624,1745.0
datos/dna_1k.fasta,bloques,8,"dynamic,1",1025,1025,2,-1,-2,5,0.76666,3.05546,0.15877999999999998,3.9808999999999997,1745.0
datos/dna_1k.fasta,bloques,8,"guided,1",1025,1025,2,-1,-2,5,0.59638,3.7382999999999997,0.15878,4.493460000000001,1745.0
datos/dna_1k.fasta,bloques,8,static,1025,1025,2,-1,-2,5,0.58304,2.60488,0.15367999999999998,3.3415999999999997,1745.0
datos/dna_1k.fasta,bloques,8,"static,1",1025,1025,2,-1,-2,5,0.71792,3.73604,0.15874,4.6127,1745.0
datos/dna_1k.fasta,secuencial,1,N/A,1025,1025,2,-1,-2,1,1.9628,8.3256,0.4045,10.6929,1745.0
datos/dna_256.fasta,antidiagonal,2,"dynamic,1",256,256,2,-1,-2,10,0.05303,3.6014900000000005,0.037919999999999995,3.69242,437.0
datos/dna_256.fasta,antidiagonal,2,"guided,1",256,256,2,-1,-2,10,0.06161,1.7438600000000002,0.04082,1.8462900000000002,437.0
datos/dna_256.fasta,antidiagonal,2,static,256,256,2,-1,-2,10,0.06662,1.2605600000000001,0.03772,1.3649,437.0
datos/dna_256.fasta,antidiagonal,2,"static,1",256,256,2,-1,-2,10,0.06202,2.49233,0.044469999999999996,2.59882,437.0
datos/dna_256.fasta,antidiagonal,4,"dynamic,1",256,256,2,-1,-2,10,0.0499,3.30101,0.04753,3.39843,437.0
datos/dna_256.fasta,antidiagonal,4,"guided,1",256,256,2,-1,-2,10,0.06705,2.22506,0.06226,2.3543700000000003,437.0
datos/dna_256.fasta,antidiagonal,4,static,256,256,2,-1,-2,10,0.0645,1.49148,0.06049,1.61647,437.0
datos/dna_256.fasta,antidiagonal,4,"static,1",256,256,2,-1,-2,10,0.07643,2.63706,0.05234,2.7658300000000002,437.0
datos/dna_256.fasta,antidiagonal,6,"dynamic,1",256,256,2,-1,-2,10,0.06917999999999999,6.58105,0.05933999999999999,6.70955,437.0
datos/dna_256.fasta,antidiagonal,6,"guided,1",256,256,2,-1,-2,10,0.060820000000000006,2.8743399999999997,0.057909999999999996,2.9930700000000003,437.0
datos/dna_256.fasta,antidiagonal,6,static,256,256,2,-1,-2,10,0.051269999999999996,1.63158,0.07009,1.75294,437.0
datos/dna_256.fasta,antidiagonal,6,"static,1",256,256,2,-1,-2,10,0.04725,2.2334199999999997,0.05145999999999999,2.3320999999999996,437.0
datos/dna_256.fasta,antidiagonal,8,"dynamic,1",256,256,2,-1,-2,10,0.06473,14.88394,0.06451,15.01318,437.0
datos/dna_256.fasta,antidiagonal,8,"guided,1",256,256,2,-1,-2,10,0.07726,4.09629,0.06426,4.23781,437.0
datos/dna_256.fasta,antidiagonal,8,static,256,256,2,-1,-2,10,0.07655999999999999,5.605600000000001,0.06439,5.746550000000001,437.0
datos/dna_256.fasta,antidiagonal,8,"static,1",256,256,2,-1,-2,10,0.057319999999999996,2.4380499999999996,0.05383,2.54922,437.0
datos/dna_256.fasta,bloques,2,"dynamic,1",256,256,2,-1,-2,10,0.07931,0.71882,0.04946,0.8475999999999999,437.0
datos/dna_256.fasta,bloques,2,"guided,1",256,256,2,-1,-2,10,0.08181000000000001,0.6481199999999999,0.03027,0.76019,437.0
datos/dna_256.fasta,bloques,2,static,256,256,2,-1,-2,10,0.06501,0.59973,0.03055,0.6952900000000001,437.0
datos/dna_256.fasta,bloques,2,"static,1",256,256,2,-1,-2,10,0.06896,0.62871,0.038919999999999996,0.73659,437.0
datos/dna_256.fasta,bloques,4,"dynamic,1",256,256,2,-1,-2,10,0.11422000000000002,0.617,0.05153,0.78276,437.0
datos/dna_256.fasta,bloques,4,"guided,1",256,256,2,-1,-2,10,0.06403,0.56528,0.03488,0.6641999999999999,437.0
datos/dna_256.fasta,bloques,4,static,256,256,2,-1,-2,10,0.06603,0.66105,0.04926,0.77634,437.0
datos/dna_256.fasta,bloques,4,"static,1",256,256,2,-1,-2,10,0.07823,0.6774600000000001,0.04852,0.8042199999999999,437.0
datos/dna_256.fasta,bloques,6,"dynamic,1",256,256,2,-1,-2,10,0.05897,0.6265,0.0454,0.73089,437.0
datos/dna_256.fasta,bloques,6,"guided,1",256,256,2,-1,-2,10,0.05730999999999999,0.66229,0.04614,0.7657499999999999,437.0
datos/dna_256.fasta,bloques,6,static,256,256,2,-1,-2,10,0.0789,0.85404,0.05386,0.9868,437.0
datos/dna_256.fasta,bloques,6,"static,1",256,256,2,-1,-2,10,0.06633,0.63507,0.05015000000000001,0.75157,437.0
datos/dna_256.fasta,bloques,8,"dynamic,1",256,256,2,-1,-2,10,0.07127,1.95014,0.052149999999999995,2.07357,437.0
datos/dna_256.fasta,bloques,8,"guided,1",256,256,2,-1,-2,10,0.04961,1.42256,0.050370000000000005,1.52251,437.0
datos/dna_256.fasta,bloques,8,static,256,256,2,-1,-2,10,0.0722,2.4905999999999997,0.055369999999999996,2.61817,437.0
datos/dna_256.fasta,bloques,8,"static,1",256,256,2,-1,-2,10,0.061959999999999994,2.24161,0.051870000000000006,2.35547,437.0
datos/dna_256.fasta,secuencial,1,N/A,256,256,2,-1,-2,1,0.1819,0.563,0.0419,0.7868,437.0
datos/dna_2k.fasta,antidiagonal,2,"dynamic,1",2048,2048,2,-1,-2,5,2.01678,160.37992,0.56762,162.96432,3484.0
datos/dna_2k.fasta,antidiagonal,2,"guided,1",2048,2048,2,-1,-2,5,1.95838,43.2833,0.66286,45.90454,3484.0
datos/dna_2k.fasta,antidiagonal,2,static,2048,2048,2,-1,-2,5,1.9796400000000003,23.5243,0.44028,25.94422,3484.0
datos/dna_2k.fasta,antidiagonal,2,"static,1",2048,2048,2,-1,-2,5,1.9810199999999998,102.64385999999999,0.47164,105.09652000000001,3484.0
datos/dna_2k.fasta,antidiagonal,4,"dynamic,1",2048,2048,2,-1,-2,5,2.44556,106.20165999999999,0.6182399999999999,109.26546,3484.0
datos/dna_2k.fasta,antidiagonal,4,"guided,1",2048,2048,2,-1,-2,5,1.93552,37.01052,0.53664,39.48268,3484.0
datos/dna_2k.fasta,antidiagonal,4,static,2048,2048,2,-1,-2,5,1.92278,18.03698,0.50144,20.461199999999998,3484.0
datos/dna_2k.fasta,antidiagonal,4,"static,1",2048,2048,2,-1,-2,5,2.0393,71.38122,0.5037200000000001,73.92424,3484.0
datos/dna_2k.fasta,antidiagonal,6,"dynamic,1",2048,2048,2,-1,-2,5,2.25272,98.15506,0.66662,101.0744,3484.0
datos/dna_2k.fasta,antidiagonal,6,"guided,1",2048,2048,2,-1,-2,5,2.22048,33.26626,0.55122,36.03796,3484.0
datos/dna_2k.fasta,antidiagonal,6,static,2048,2048,2,-1,-2,5,2.20962,17.54958,0.53144,20.290640000000003,3484.0
datos/dna_2k.fasta,antidiagonal,6,"static,1",2048,2048,2,-1,-2,5,1.86112,57.210719999999995,0.68808,59.75992,3484.0
datos/dna_2k.fasta,antidiagonal,8,"dynamic,1",2048,2048,2,-1,-2,5,1.95982,119.40437999999999,0.6577999999999999,122.022,3484.0
datos/dna_2k.fasta,antidiagonal,8,"guided,1",2048,2048,2,-1,-2,5,2.6175,51.94054,0.6554599999999999,55.213499999999996,3484.0
datos/dna_2k.fasta,antidiagonal,8,static,2048,2048,2,-1,-2,5,2.00908,24.67054,0.64586,27.32548,3484.0
datos/dna_2k.fasta,antidiagonal,8,"static,1",2048,2048,2,-1,-2,5,1.9190999999999998,88.79844,0.908,91.62554,3484.0
datos/dna_2k.fasta,bloques,2,"dynamic,1",2048,2048,2,-1,-2,5,1.7818200000000002,14.884719999999998,0.37844,17.04498,3484.0
datos/dna_2k.fasta,bloques,2,"guided,1",2048,2048,2,-1,-2,5,1.9654399999999999,15.261619999999999,0.42238,17.64944,3484.0
datos/dna_2k.fasta,bloques,2,static,2048,2048,2,-1,-2,5,1.84646,13.8475,0.39168,16.08562,3484.0
datos/dna_2k.fasta,bloques,2,"static,1",2048,2048,2,-1,-2,5,1.89108,14.02062,0.39752,16.30922,3484.0
datos/dna_2k.fasta,bloques,4,"dynamic,1",2048,2048,2,-1,-2,5,1.98212,9.701319999999999,0.37626,12.05974,3484.0
datos/dna_2k.fasta,bloques,4,"guided,1",2048,2048,2,-1,-2,5,2.0704599999999997,11.89432,0.5169,14.48168,3484.0
datos/dna_2k.fasta,bloques,4,static,2048,2048,2,-1,-2,5,1.83884,10.67928,0.45678,12.9749,3484.0
datos/dna_2k.fasta,bloques,4,"static,1",2048,2048,2,-1,-2,5,1.8344999999999998,9.4911,0.39117999999999997,11.716800000000001,3484.0
datos/dna_2k.fasta,bloques,6,"dynamic,1",2048,2048,2,-1,-2,5,1.83186,9.8526,0.45156,12.136019999999998,3484.0
datos/dna_2k.fasta,bloques,6,"guided,1",2048,2048,2,-1,-2,5,2.0534,10.903,0.7813800000000001,13.73778,3484.0
datos/dna_2k.fasta,bloques,6,static,2048,2048,2,-1,-2,5,1.85484,10.110759999999999,0.53688,12.502460000000001,3484.0
datos/dna_2k.fasta,bloques,6,"static,1",2048,2048,2,-1,-2,5,1.9433,14.681819999999998,0.5593199999999999,17.18448,3484.0
datos/dna_2k.fasta,bloques,8,"dynamic,1",2048,2048,2,-1,-2,5,1.99554,13.27894,0.6463599999999999,15.920839999999998,3484.0
datos/dna_2k.fasta,bloques,8,"guided,1",2048,2048,2,-1,-2,5,1.98778,13.164959999999999,0.6135200000000001,15.766259999999999,3484.0
datos/dna_2k.fasta,bloques,8,static,2048,2048,2,-1,-2,5,2.32222,36.74064,0.6246,39.687439999999995,3484.0
datos/dna_2k.fasta,bloques,8,"static,1",2048,2048,2,-1,-2,5,1.82898,12.43976,0.5671999999999999,14.835939999999999,3484.0
datos/dna_2k.fasta,secuencial,1,N/A,2048,2048,2,-1,-2,1,5.7081,21.9739,1.1121,28.7941,3484.0
datos/dna_32k.fasta,antidiagonal,2,"dynamic,1",32774,32774,2,-1,-2,2,1484.1377,114553.93205,30.575499999999998,116068.6453,55726.0
datos/dna_32k.fasta,antidiagonal,2,"guided,1",32774,32774,2,-1,-2,2,1516.18325,49655.152,33.91265,51205.2479,55726.0
datos/dna_32k.fasta,antidiagonal,2,static,32774,32774,2,-1,-2,2,1615.40615,49061.666450000004,35.309349999999995,50712.3819,55726.0
datos/dna_32k.fasta,antidiagonal,2,"static,1",32774,32774,2,-1,-2,2,1854.28575,94865.8667,33.123149999999995,96753.2756,55726.0
datos/dna_32k.fasta,antidiagonal,4,"dynamic,1",32774,32774,2,-1,-2,2,1485.0823500000001,61854.84075,32.478750000000005,63372.401849999995,55726.0
datos/dna_32k.fasta,antidiagonal,4,"guided,1",32774,32774,2,-1,-2,2,1593.8652,31107.712399999997,33.396950000000004,32734.97455,55726.0
datos/dna_32k.fasta,antidiagonal,4,static,32774,32774,2,-1,-2,2,1537.17075,32717.216,28.137700000000002,34282.5245,55726.0
datos/dna_32k.fasta,antidiagonal,4,"static,1",32774,32774,2,-1,-2,2,1534.57225,47492.895350000006,33.1211,49060.588650000005,55726.0
datos/dna_32k.fasta,antidiagonal,6,"dynamic,1",32774,32774,2,-1,-2,2,1641.4018,43456.88005000001,33.7773,45132.0591,55726.0
datos/dna_32k.fasta,antidiagonal,6,"guided,1",32774,32774,2,-1,-2,2,1630.1115,22560.582150000002,33.93825,24224.63195,55726.0
datos/dna_32k.fasta,antidiagonal,6,static,32774,32774,2,-1,-2,2,1448.5001,23980.24935,33.033,25461.78245,55726.0
datos/dna_32k.fasta,antidiagonal,6,"static,1",32774,32774,2,-1,-2,2,1584.40555,34921.7494,30.9451,36537.10005,55726.0
datos/dna_32k.fasta,antidiagonal,8,"dynamic,1",32774,32774,2,-1,-2,2,1713.8641,50444.200500000006,32.2348,52190.2994,55726.0
datos/dna_32k.fasta,antidiagonal,8,"guided,1",32774,32774,2,-1,-2,2,1863.30865,30471.05805,32.37205,32366.73865,55726.0
datos/dna_32k.fasta,antidiagonal,8,static,32774,32774,2,-1,-2,2,1558.08205,51437.4553,37.14355,53032.680949999994,55726.0
datos/dna_32k.fasta,antidiagonal,8,"static,1",32774,32774,2,-1,-2,2,1978.1222,35034.9301,31.08945,37044.141650000005,55726.0
datos/dna_32k.fasta,bloques,2,"dynamic,1",32774,32774,2,-1,-2,2,1967.2217,4380.93775,29.089199999999998,6377.2486499999995,55726.0
datos/dna_32k.fasta,bloques,2,"guided,1",32774,32774,2,-1,-2,2,1515.29335,4148.0235,28.8804,5692.1972000000005,55726.0
datos/dna_32k.fasta,bloques,2,static,32774,32774,2,-1,-2,2,1533.9281,4110.05935,28.11475,5672.10225,55726.0
datos/dna_32k.fasta,bloques,2,"static,1",32774,32774,2,-1,-2,2,2012.8750499999999,4182.96415,29.0077,6224.84685,55726.0
datos/dna_32k.fasta,bloques,4,"dynamic,1",32774,32774,2,-1,-2,2,1538.62005,2618.50465,30.74105,4187.86575,55726.0
datos/dna_32k.fasta,bloques,4,"guided,1",32774,32774,2,-1,-2,2,1802.88085,2684.3441000000003,32.8221,4520.04705,55726.0
datos/dna_32k.fasta,bloques,4,static,32774,32774,2,-1,-2,2,1456.215,2669.6711999999998,27.48265,4153.36885,55726.0
datos/dna_32k.fasta,bloques,4,"static,1",32774,32774,2,-1,-2,2,14508.89605,2829.5400499999996,28.50485,17366.941,55726.0
datos/dna_32k.fasta,bloques,6,"dynamic,1",32774,32774,2,-1,-2,2,1476.50095,2387.7439999999997,31.36155,3895.6065,55726.0
datos/dna_32k.fasta,bloques,6,"guided,1",32774,32774,2,-1,-2,2,1936.8148,2510.8804,31.961100000000002,4479.65635,55726.0
datos/dna_32k.fasta,bloques,6,static,32774,32774,2,-1,-2,2,1411.1238,3933.6559500000003,28.8403,5373.6200499999995,55726.0
datos/dna_32k.fasta,bloques,6,"static,1",32774,32774,2,-1,-2,2,1552.72885,2522.1709499999997,30.9681,4105.8679,55726.0
datos/dna_32k.fasta,bloques,8,"dynamic,1",32774,32774,2,-1,-2,2,-11138.026950000001,16057.94495,32.6803,4952.59835,55726.0
datos/dna_32k.fasta,bloques,8,"guided,1",32774,32774,2,-1,-2,2,1588.0357,2890.3786499999997,34.997749999999996,4513.4121,55726.0
datos/dna_32k.fasta,bloques,8,static,32774,32774,2,-1,-2,2,1576.75845,2740.7132,33.2695,4350.74115,55726.0
datos/dna_32k.fasta,bloques,8,"static,1",32774,32774,2,-1,-2,2,1452.3829,2616.9306500000002,29.54875,4098.8623,55726.0
datos/dna_32k.fasta,secuencial,1,N/A,32774,32774,2,-1,-2,1,3461.0681,5293.8677,26.8643,8781.8,55726.0
datos/dna_4k.fasta,antidiagonal,2,"dynamic,1",4097,4097,2,-1,-2,5,8.926820000000001,696.4264000000001,1.14664,706.49986,6968.0
datos/dna_4k.fasta,antidiagonal,2,"guided,1",4097,4097,2,-1,-2,5,7.87946,-4811.79156,1.0975,-4802.81458,6968.0
datos/dna_4k.fasta,antidiagonal,2,static,4097,4097,2,-1,-2,5,7.63152,145.44386,1.0794000000000001,154.15476,6968.0
datos/dna_4k.fasta,antidiagonal,2,"static,1",4097,4097,2,-1,-2,5,8.11172,486.7151,1.39626,496.22308000000004,6968.0
datos/dna_4k.fasta,antidiagonal,4,"dynamic,1",4097,4097,2,-1,-2,5,9.10814,404.24308,1.13198,414.48321999999996,6968.0
datos/dna_4k.fasta,antidiagonal,4,"guided,1",4097,4097,2,-1,-2,5,8.38668,149.12655999999998,1.23384,158.74708,6968.0
datos/dna_4k.fasta,antidiagonal,4,static,4097,4097,2,-1,-2,5,8.418800000000001,99.57860000000001,1.1995999999999998,109.197,6968.0
datos/dna_4k.fasta,antidiagonal,4,"static,1",4097,4097,2,-1,-2,5,8.6889,293.80358,1.41754,303.91002,6968.0
datos/dna_4k.fasta,antidiagonal,6,"dynamic,1",4097,4097,2,-1,-2,5,8.471779999999999,333.94061999999997,1.39314,343.80552,6968.0
datos/dna_4k.fasta,antidiagonal,6,"guided,1",4097,4097,2,-1,-2,5,8.28258,133.13742,1.4768599999999998,142.89686,6968.0
datos/dna_4k.fasta,antidiagonal,6,static,4097,4097,2,-1,-2,5,7.61144,67.9476,1.13872,76.69775999999999,6968.0
datos/dna_4k.fasta,antidiagonal,6,"static,1",4097,4097,2,-1,-2,5,9.8173,248.77483999999998,1.524,260.11614,6968.0
datos/dna_4k.fasta,antidiagonal,8,"dynamic,1",4097,4097,2,-1,-2,5,7.93608,667.52586,1.51708,676.979,6968.0
datos/dna_4k.fasta,antidiagonal,8,"guided,1",4097,4097,2,-1,-2,5,8.157680000000001,189.30512000000002,1.5805,199.0433,6968.0
datos/dna_4k.fasta,antidiagonal,8,static,4097,4097,2,-1,-2,5,8.184999999999999,93.38294,1.6310200000000001,103.19894,6968.0
datos/dna_4k.fasta,antidiagonal,8,"static,1",4097,4097,2,-1,-2,5,8.55552,276.7426,1.61842,286.91654,6968.0
datos/dna_4k.fasta,bloques,2,"dynamic,1",4097,4097,2,-1,-2,5,8.09472,65.02252,1.05028,74.16752,6968.0
datos/dna_4k.fasta,bloques,2,"guided,1",4097,4097,2,-1,-2,5,8.0718,62.93062,1.00998,72.0124,6968.0
datos/dna_4k.fasta,bloques,2,static,4097,4097,2,-1,-2,5,8.93276,66.44955999999999,1.09592,76.47824,6968.0
datos/dna_4k.fasta,bloques,2,"static,1",4097,4097,2,-1,-2,5,9.5084,69.36246,1.2171800000000002,80.08804,6968.0
datos/dna_4k.fasta,bloques,4,"dynamic,1",4097,4097,2,-1,-2,5,7.9059,43.589459999999995,1.39696,52.89232,6968.0
datos/dna_4k.fasta,bloques,4,"guided,1",4097,4097,2,-1,-2,5,8.55804,50.48198,1.3851,60.42512000000001,6968.0
datos/dna_4k.fasta,bloques,4,static,4097,4097,2,-1,-2,5,7.8006,54.33181999999999,1.47044,63.60286,6968.0
datos/dna_4k.fasta,bloques,4,"static,1",4097,4097,2,-1,-2,5,8.09238,44.830619999999996,1.17866,54.10166,6968.0
datos/dna_4k.fasta,bloques,6,"dynamic,1",4097,4097,2,-1,-2,5,8.31138,37.977779999999996,1.2936,47.58276,6968.0
datos/dna_4k.fasta,bloques,6,"guided,1",4097,4097,2,-1,-2,5,7.948099999999999,40.99332,1.3379400000000001,50.27936,6968.0
datos/dna_4k.fasta,bloques,6,static,4097,4097,2,-1,-2,5,8.07112,48.12818,1.53248,57.73178,6968.0
datos/dna_4k.fasta,bloques,6,"static,1",4097,4097,2,-1,-2,5,8.263819999999999,45.10472,1.52308,54.89162,6968.0
datos/dna_4k.fasta,bloques,8,"dynamic,1",4097,4097,2,-1,-2,5,8.217099999999999,46.57882,1.71026,56.50617999999999,6968.0
datos/dna_4k.fasta,bloques,8,"guided,1",4097,4097,2,-1,-2,5,8.39316,59.93554,1.8089399999999998,70.13764,6968.0
datos/dna_4k.fasta,bloques,8,static,4097,4097,2,-1,-2,5,8.78758,68.82072000000001,1.54654,79.15484000000001,6968.0
datos/dna_4k.fasta,bloques,8,"static,1",4097,4097,2,-1,-2,5,7.63556,63.46192,1.52604,72.62352,6968.0
datos/dna_4k.fasta,secuencial,1,N/A,4097,4097,2,-1,-2,1,25.0819,83.1443,0.9917,109.2179,6968.0
datos/dna_512.fasta,antidiagonal,2,"dynamic,1",512,512,2,-1,-2,10,0.21764999999999998,15.21894,0.10644,15.54304,871.0
datos/dna_512.fasta,antidiagonal,2,"guided,1",512,512,2,-1,-2,10,0.18312,5.1789000000000005,0.08031999999999999,5.44233,871.0
datos/dna_512.fasta,antidiagonal,2,static,512,512,2,-1,-2,10,0.21671,3.67064,0.09768,3.98504,871.0
datos/dna_512.fasta,antidiagonal,2,"static,1",512,512,2,-1,-2,10,0.20838,11.431740000000001,0.13093,11.77106,871.0
datos/dna_512.fasta,antidiagonal,4,"dynamic,1",512,512,2,-1,-2,10,0.14886,12.98708,0.10366,13.239609999999999,871.0
datos/dna_512.fasta,antidiagonal,4,"guided,1",512,512,2,-1,-2,10,0.15176,5.52585,0.08508,5.76267,871.0
datos/dna_512.fasta,antidiagonal,4,static,512,512,2,-1,-2,10,0.20183,3.13019,0.08753999999999999,3.41957,871.0
datos/dna_512.fasta,antidiagonal,4,"static,1",512,512,2,-1,-2,10,0.17343999999999998,8.10296,0.12711999999999998,8.4035,871.0
datos/dna_512.fasta,antidiagonal,6,"dynamic,1",512,512,2,-1,-2,10,0.15193,17.05752,0.13442,17.34387,871.0
datos/dna_512.fasta,antidiagonal,6,"guided,1",512,512,2,-1,-2,10,0.21233999999999997,6.16636,0.10329999999999999,6.48201,871.0
datos/dna_512.fasta,antidiagonal,6,static,512,512,2,-1,-2,10,0.2122,3.3935900000000006,0.10342,3.7092199999999997,871.0
datos/dna_512.fasta,antidiagonal,6,"static,1",512,512,2,-1,-2,10,0.33532,6.03637,0.10393999999999999,6.4756100000000005,871.0
datos/dna_512.fasta,antidiagonal,8,"dynamic,1",512,512,2,-1,-2,10,0.17326999999999998,22.3117,0.12728,22.61226,871.0
datos/dna_512.fasta,antidiagonal,8,"guided,1",512,512,2,-1,-2,10,0.18594,36.225919999999995,0.12104,36.532869999999996,871.0
datos/dna_512.fasta,antidiagonal,8,static,512,512,2,-1,-2,10,0.19002000000000002,37.94057,0.11894,38.24957,871.0
datos/dna_512.fasta,antidiagonal,8,"static,1",512,512,2,-1,-2,10,0.16611,10.94989,0.11827000000000001,11.23427,871.0
datos/dna_512.fasta,bloques,2,"dynamic,1",512,512,2,-1,-2,10,0.18732,1.81278,0.08458,2.08468,871.0
datos/dna_512.fasta,bloques,2,"guided,1",512,512,2,-1,-2,10,0.22396000000000002,1.78628,0.08538,2.09562,871.0
datos/dna_512.fasta,bloques,2,static,512,512,2,-1,-2,10,0.21112999999999998,1.42977,0.05968,1.7006000000000001,871.0
datos/dna_512.fasta,bloques,2,"static,1",512,512,2,-1,-2,10,0.19201,1.9869499999999998,0.08489,2.26385,871.0
datos/dna_512.fasta,bloques,4,"dynamic,1",512,512,2,-1,-2,10,0.17447000000000001,1.4720900000000001,0.09073,1.7372900000000002,871.0
datos/dna_512.fasta,bloques,4,"guided,1",512,512,2,-1,-2,10,0.21936,1.71747,0.11905999999999999,2.05589,871.0
datos/dna_512.fasta,bloques,4,static,512,512,2,-1,-2,10,0.22749999999999998,1.71118,0.09182,2.0305,871.0
datos/dna_512.fasta,bloques,4,"static,1",512,512,2,-1,-2,10,0.22421000000000002,1.8440400000000001,0.09845,2.1667,871.0
datos/dna_512.fasta,bloques,6,"dynamic,1",512,512,2,-1,-2,10,0.23132999999999998,1.46959,0.10972,1.81064,871.0
datos/dna_512.fasta,bloques,6,"guided,1",512,512,2,-1,-2,10,0.19155,1.65897,0.11334999999999999,1.96387,871.0
datos/dna_512.fasta,bloques,6,static,512,512,2,-1,-2,10,0.15253,1.62337,0.10901000000000001,1.88491,871.0
datos/dna_512.fasta,bloques,6,"static,1",512,512,2,-1,-2,10,0.24128,1.5576599999999998,0.11261000000000002,1.91155,871.0
datos/dna_512.fasta,bloques,8,"dynamic,1",512,512,2,-1,-2,10,0.18777,6.10266,0.11447,6.4049000000000005,871.0
datos/dna_512.fasta,bloques,8,"guided,1",512,512,2,-1,-2,10,0.1734,2.1505099999999997,0.12231,2.44622,871.0
datos/dna_512.fasta,bloques,8,static,512,512,2,-1,-2,10,0.18,1.95901,0.12691,2.2659200000000004,871.0
datos/dna_512.fasta,bloques,8,"static,1",512,512,2,-1,-2,10,0.22084,17.665960000000002,0.135,18.0218,871.0
datos/dna_512.fasta,secuencial,1,N/A,512,512,2,-1,-2,1,0.5263,2.2827,0.0953,2.9043,871.0
datos/dna_8k.fasta,antidiagonal,2,"dynamic,1",8195,8195,2,-1,-2,3,49.2021,2957.9905999999996,3.8251000000000004,3011.0178333333333,13936.0
datos/dna_8k.fasta,antidiagonal,2,"guided,1",8195,8195,2,-1,-2,3,74.3659,880.4548666666666,2.830133333333334,957.6509,13936.0
datos/dna_8k.fasta,antidiagonal,2,static,8195,8195,2,-1,-2,3,43.175466666666665,768.7818666666667,2.4455333333333336,814.4028333333332,13936.0
datos/dna_8k.fasta,antidiagonal,2,"static,1",8195,8195,2,-1,-2,3,40.9937,2024.1360999999986,2.8498666666666668,2067.979633333334,13936.0
datos/dna_8k.fasta,antidiagonal,4,"dynamic,1",8195,8195,2,-1,-2,3,47.838666666666676,-6389.6766,3.7346333333333335,-6338.1033,13936.0
datos/dna_8k.fasta,antidiagonal,4,"guided,1",8195,8195,2,-1,-2,3,43.870133333333335,702.2392666666666,3.244033333333333,749.3534333333333,13936.0
datos/dna_8k.fasta,antidiagonal,4,static,8195,8195,2,-1,-2,3,41.2464,541.0184,2.7406666666666664,585.0054333333334,13936.0
datos/dna_8k.fasta,antidiagonal,4,"static,1",8195,8195,2,-1,-2,3,47.513,1267.5564,2.8881,1317.9574,13936.0
datos/dna_8k.fasta,antidiagonal,6,"dynamic,1",8195,8195,2,-1,-2,3,48.64336666666667,2171.5525333333335,3.6313333333333335,2223.8272666666667,13936.0
datos/dna_8k.fasta,antidiagonal,6,"guided,1",8195,8195,2,-1,-2,3,44.01836666666667,623.2517666666666,3.2523666666666666,670.5225,13936.0
datos/dna_8k.fasta,antidiagonal,6,static,8195,8195,2,-1,-2,3,60.04776666666667,500.2815666666666,3.025066666666667,563.3544,13936.0
datos/dna_8k.fasta,antidiagonal,6,"static,1",8195,8195,2,-1,-2,3,43.576433333333334,1301.5663000000002,3.234166666666667,1348.3769,13936.0
datos/dna_8k.fasta,antidiagonal,8,"dynamic,1",8195,8195,2,-1,-2,3,44.935,29206.193733333334,13.1835,29264.312266666664,13936.0
datos/dna_8k.fasta,antidiagonal,8,"guided,1",8195,8195,2,-1,-2,3,49.05416666666667,5271.4011,3.676433333333333,5324.131733333333,13936.0
datos/dna_8k.fasta,antidiagonal,8,static,8195,8195,2,-1,-2,3,62.273,428.3294333333333,2.754466666666667,493.3569,13936.0
datos/dna_8k.fasta,antidiagonal,8,"static,1",8195,8195,2,-1,-2,3,41.92583333333333,22326.496766666667,3.4662333333333333,22371.888866666664,13936.0
datos/dna_8k.fasta,bloques,2,"dynamic,1",8195,8195,2,-1,-2,3,49.3602,250.2920333333333,3.2272,302.87943333333334,13936.0
datos/dna_8k.fasta,bloques,2,"guided,1",8195,8195,2,-1,-2,3,41.6471,237.48993333333337,2.6464,281.78343333333333,13936.0
datos/dna_8k.fasta,bloques,2,static,8195,8195,2,-1,-2,3,42.380900000000004,245.52993333333333,2.879166666666667,290.79,13936.0
datos/dna_8k.fasta,bloques,2,"static,1",8195,8195,2,-1,-2,3,-8296.6816,8946.530999999999,2.9171666666666667,652.7665666666667,13936.0
datos/dna_8k.fasta,bloques,4,"dynamic,1",8195,8195,2,-1,-2,3,42.329299999999996,165.5494,2.7952999999999997,210.674,13936.0
datos/dna_8k.fasta,bloques,4,"guided,1",8195,8195,2,-1,-2,3,42.34643333333333,173.4859,3.0019666666666667,218.83429999999998,13936.0
datos/dna_8k.fasta,bloques,4,static,8195,8195,2,-1,-2,3,50.617066666666666,215.54646666666667,3.339733333333333,269.5033,13936.0
datos/dna_8k.fasta,bloques,4,"static,1",8195,8195,2,-1,-2,3,45.602000000000004,191.68473333333336,2.8258333333333336,240.11256666666668,13936.0
datos/dna_8k.fasta,bloques,6,"dynamic,1",8195,8195,2,-1,-2,3,47.37893333333333,146.26363333333333,3.5288333333333335,197.17139999999998,13936.0
datos/dna_8k.fasta,bloques,6,"guided,1",8195,8195,2,-1,-2,3,43.5608,166.77553333333333,3.7968666666666664,214.1332,13936.0
datos/dna_8k.fasta,bloques,6,static,8195,8195,2,-1,-2,3,54.6598,318.45706666666666,5.3592,378.47606666666667,13936.0
datos/dna_8k.fasta,bloques,6,"static,1",8195,8195,2,-1,-2,3,48.31976666666666,173.25656666666669,3.6231000000000004,225.19943333333333,13936.0
datos/dna_8k.fasta,bloques,8,"dynamic,1",8195,8195,2,-1,-2,3,42.2951,156.33893333333333,3.2970666666666673,201.93110000000001,13936.0
datos/dna_8k.fasta,bloques,8,"guided,1",8195,8195,2,-1,-2,3,42.92679999999999,179.62823333333333,3.499,226.05403333333334,13936.0
datos/dna_8k.fasta,bloques,8,static,8195,8195,2,-1,-2,3,42.12166666666667,190.84723333333332,3.6364,236.60530000000003,13936.0
datos/dna_8k.fasta,bloques,8,"static,1",8195,8195,2,-1,-2,3,44.316066666666664,221.45713333333333,4.570366666666667,270.3435666666667,13936.0
datos/dna_8k.fasta,secuencial,1,N/A,8195,8195,2,-1,-2,1,149.8211,330.7481,2.3326,482.9018,13936.0
